price,area,bedrooms,bathrooms,stories,mainroad,guestroom,basement,hotwaterheating,airconditioning,parking,prefarea,furnishingstatus
13300000,1.0467262882352133,1.4034193573588298,1.4218117367065486,1.3782169202337835,1,0,0,0,1,1.5176924895404067,1,0
12250000,1.7570095257333957,1.4034193573588298,5.405808633904846,2.53202371213457,1,0,0,0,1,2.679409353022881,0,0
12250000,2.218232407225722,0.047278311684073836,1.4218117367065486,0.22441012833299692,1,0,1,0,0,1.5176924895404067,1,1
12215000,1.0836241187545992,1.4034193573588298,1.4218117367065486,0.22441012833299692,1,0,1,0,1,2.679409353022881,1,0
11410000,1.0467262882352133,1.4034193573588298,-0.5701867118926005,0.22441012833299692,1,1,1,0,1,1.5176924895404067,0,0
10850000,1.0836241187545992,0.047278311684073836,3.4138101853056977,-0.9293966635677897,1,0,1,0,1,1.5176924895404067,1,1
10150000,1.5817448307663118,1.4034193573588298,3.4138101853056977,2.53202371213457,1,0,0,0,1,1.5176924895404067,1,1
10150000,5.096263187737839,2.7595604030335856,3.4138101853056977,0.22441012833299692,1,0,0,0,0,-0.8057412374245417,0,2
9870000,1.3603578476499951,1.4034193573588298,-0.5701867118926005,0.22441012833299692,1,1,1,0,1,1.5176924895404067,1,0
9800000,0.2764840761430282,0.047278311684073836,1.4218117367065486,2.53202371213457,1,1,0,0,1,0.35597562605793237,1,2
9800000,3.712594543260859,0.047278311684073836,-0.5701867118926005,0.22441012833299692,1,0,1,0,1,1.5176924895404067,1,0
9681000,0.39178979651610985,1.4034193573588298,3.4138101853056977,0.22441012833299692,1,1,1,1,0,1.5176924895404067,0,1
9310000,0.6454623813368893,1.4034193573588298,1.4218117367065486,0.22441012833299692,1,0,0,0,1,0.35597562605793237,1,1
9240000,-0.761267407214706,1.4034193573588298,1.4218117367065486,0.22441012833299692,1,0,0,1,0,1.5176924895404067,0,0
9240000,1.2219909832022973,0.047278311684073836,1.4218117367065486,0.22441012833299692,1,0,0,0,0,-0.8057412374245417,1,1
9100000,0.39178979651610985,1.4034193573588298,-0.5701867118926005,0.22441012833299692,1,0,1,0,0,1.5176924895404067,0,1
9100000,0.6685235254115056,1.4034193573588298,1.4218117367065486,0.22441012833299692,1,1,1,0,1,0.35597562605793237,1,2
8960000,1.5448470002469257,0.047278311684073836,1.4218117367065486,2.53202371213457,1,0,0,0,1,1.5176924895404067,0,0
8890000,-0.253922237573147,0.047278311684073836,1.4218117367065486,0.22441012833299692,1,1,0,0,1,1.5176924895404067,0,0
8855000,0.5855034067428869,0.047278311684073836,1.4218117367065486,0.22441012833299692,1,0,0,0,1,0.35597562605793237,1,1
8750000,-0.3830646443909984,0.047278311684073836,-0.5701867118926005,0.22441012833299692,1,0,1,1,0,1.5176924895404067,0,1
8680000,0.9245022246397467,0.047278311684073836,1.4218117367065486,-0.9293966635677897,1,1,1,0,1,1.5176924895404067,0,2
8645000,1.3372967035753787,0.047278311684073836,-0.5701867118926005,-0.9293966635677897,1,1,1,0,1,0.35597562605793237,0,0
8645000,-0.2723711528328401,0.047278311684073836,1.4218117367065486,0.22441012833299692,1,1,1,0,1,0.35597562605793237,0,0
8575000,1.6832138646946235,0.047278311684073836,1.4218117367065486,0.22441012833299692,1,0,0,0,1,1.5176924895404067,0,0
8540000,0.6408501525219661,1.4034193573588298,1.4218117367065486,0.22441012833299692,1,1,1,0,1,1.5176924895404067,1,0
8463000,0.39178979651610985,0.047278311684073836,1.4218117367065486,2.53202371213457,1,1,1,0,1,-0.8057412374245417,1,1
8400000,1.717805580806548,0.047278311684073836,-0.5701867118926005,-0.9293966635677897,1,0,0,0,0,0.35597562605793237,0,1
8400000,1.2911744154261462,2.7595604030335856,1.4218117367065486,0.22441012833299692,1,0,1,1,0,1.5176924895404067,0,2
8400000,0.16117835576994666,1.4034193573588298,1.4218117367065486,0.22441012833299692,1,0,1,0,1,0.35597562605793237,1,1
8400000,1.0720935467172912,0.047278311684073836,1.4218117367065486,2.53202371213457,1,0,0,0,1,1.5176924895404067,0,2
8400000,0.8530126780084362,0.047278311684073836,-0.5701867118926005,2.53202371213457,1,0,0,0,1,1.5176924895404067,0,1
8295000,-0.12477983075529565,1.4034193573588298,1.4218117367065486,0.22441012833299692,1,0,0,0,1,0.35597562605793237,1,0
8190000,0.3733408812564168,0.047278311684073836,3.4138101853056977,0.22441012833299692,1,1,1,0,0,0.35597562605793237,0,2
8120000,0.779217016969664,2.7595604030335856,-0.5701867118926005,0.22441012833299692,1,1,1,0,1,0.35597562605793237,0,0
8080940,0.8530126780084362,0.047278311684073836,1.4218117367065486,2.53202371213457,1,0,0,0,1,1.5176924895404067,0,0
8043000,1.0753221068877374,0.047278311684073836,1.4218117367065486,1.3782169202337835,1,0,0,1,0,0.35597562605793237,1,0
7980000,1.7754584409930887,1.4034193573588298,1.4218117367065486,2.53202371213457,1,0,0,0,1,1.5176924895404067,0,0
7962500,0.39178979651610985,0.047278311684073836,-0.5701867118926005,2.53202371213457,1,1,0,0,1,1.5176924895404067,0,2
7910000,0.39178979651610985,1.4034193573588298,1.4218117367065486,2.53202371213457,1,0,0,0,1,0.35597562605793237,0,1
7875000,0.6454623813368893,0.047278311684073836,-0.5701867118926005,0.22441012833299692,1,0,1,0,1,-0.8057412374245417,1,0
7840000,0.5578300338533473,0.047278311684073836,1.4218117367065486,2.53202371213457,1,0,0,0,1,-0.8057412374245417,1,0
7700000,0.6131767796324264,0.047278311684073836,1.4218117367065486,2.53202371213457,1,0,0,0,1,1.5176924895404067,0,2
7700000,0.39178979651610985,1.4034193573588298,1.4218117367065486,2.53202371213457,1,0,0,0,0,1.5176924895404067,0,1
7560000,0.39178979651610985,1.4034193573588298,1.4218117367065486,2.53202371213457,1,0,0,0,1,0.35597562605793237,0,0
7560000,0.39178979651610985,0.047278311684073836,1.4218117367065486,1.3782169202337835,1,0,0,0,1,-0.8057412374245417,0,1
7525000,0.39178979651610985,0.047278311684073836,1.4218117367065486,2.53202371213457,1,0,0,0,1,0.35597562605793237,0,0
7490000,0.6685235254115056,0.047278311684073836,-0.5701867118926005,2.53202371213457,1,0,0,0,1,2.679409353022881,1,0
7455000,-0.39228910202084494,0.047278311684073836,1.4218117367065486,0.22441012833299692,1,0,1,0,0,0.35597562605793237,0,2
7420000,1.0559507458650597,0.047278311684073836,1.4218117367065486,-0.9293966635677897,1,1,1,0,1,-0.8057412374245417,1,1
7420000,1.0559507458650597,0.047278311684073836,1.4218117367065486,2.53202371213457,1,0,0,0,0,0.35597562605793237,1,2
7420000,0.5416872330011159,0.047278311684073836,-0.5701867118926005,2.53202371213457,1,0,0,0,1,0.35597562605793237,0,2
7350000,0.39178979651610985,1.4034193573588298,1.4218117367065486,2.53202371213457,1,1,0,0,1,0.35597562605793237,0,0
7350000,-0.00024965275236754836,0.047278311684073836,1.4218117367065486,2.53202371213457,1,0,0,0,1,1.5176924895404067,0,1
7350000,0.39178979651610985,0.047278311684073836,1.4218117367065486,0.22441012833299692,1,1,0,0,1,0.35597562605793237,0,1
7350000,0.39178979651610985,0.047278311684073836,-0.5701867118926005,0.22441012833299692,1,0,0,0,1,0.35597562605793237,0,2
7343000,2.900842271834365,1.4034193573588298,-0.5701867118926005,0.22441012833299692,1,0,1,0,0,0.35597562605793237,1,1
7245000,1.7754584409930887,1.4034193573588298,1.4218117367065486,2.53202371213457,1,1,0,0,1,0.35597562605793237,1,0
7210000,1.166644237423218,1.4034193573588298,1.4218117367065486,2.53202371213457,1,1,0,0,1,0.35597562605793237,0,1
7210000,0.39178979651610985,0.047278311684073836,1.4218117367065486,2.53202371213457,1,1,0,0,1,0.35597562605793237,0,0
7140000,0.39178979651610985,0.047278311684073836,1.4218117367065486,0.22441012833299692,1,1,0,0,0,0.35597562605793237,0,1
7070000,1.7201116952140096,-1.308862733990682,-0.5701867118926005,-0.9293966635677897,1,0,0,0,1,0.35597562605793237,0,1
7070000,0.5024832880742681,1.4034193573588298,1.4218117367065486,0.22441012833299692,1,0,0,0,1,0.35597562605793237,0,0
7035000,0.5578300338533473,1.4034193573588298,1.4218117367065486,1.3782169202337835,1,0,0,0,1,1.5176924895404067,1,0
7000000,2.7786182082388984,0.047278311684073836,-0.5701867118926005,-0.9293966635677897,1,0,1,0,1,0.35597562605793237,1,0
6930000,1.7201116952140096,0.047278311684073836,1.4218117367065486,0.22441012833299692,1,0,1,0,1,0.35597562605793237,0,0
6930000,3.712594543260859,-1.308862733990682,-0.5701867118926005,-0.9293966635677897,1,0,1,1,0,0.35597562605793237,0,0
6895000,1.1758686950530646,0.047278311684073836,1.4218117367065486,-0.9293966635677897,1,0,0,0,0,1.5176924895404067,0,2
6860000,0.39178979651610985,0.047278311684073836,-0.5701867118926005,-0.9293966635677897,1,0,0,0,1,0.35597562605793237,0,0
6790000,3.200637144804377,1.4034193573588298,1.4218117367065486,0.22441012833299692,1,0,0,0,0,1.5176924895404067,1,0
6790000,-0.5306559664685429,0.047278311684073836,1.4218117367065486,0.22441012833299692,1,0,1,0,1,-0.8057412374245417,1,1
6755000,0.39178979651610985,1.4034193573588298,1.4218117367065486,2.53202371213457,1,0,0,0,1,-0.8057412374245417,0,2
6720000,-0.06020862734636997,0.047278311684073836,-0.5701867118926005,2.53202371213457,1,0,0,0,1,-0.8057412374245417,1,2
6685000,0.6685235254115056,-1.308862733990682,1.4218117367065486,2.53202371213457,1,0,1,0,0,-0.8057412374245417,1,0
6650000,-0.5122070512088498,0.047278311684073836,-0.5701867118926005,0.22441012833299692,1,0,1,1,0,0.35597562605793237,0,0
6650000,-0.410738017280538,1.4034193573588298,1.4218117367065486,0.22441012833299692,1,0,0,1,0,-0.8057412374245417,0,1
6650000,0.5855034067428869,0.047278311684073836,1.4218117367065486,1.3782169202337835,1,0,0,0,1,-0.8057412374245417,1,0
6650000,0.622401237262273,0.047278311684073836,1.4218117367065486,1.3782169202337835,1,0,0,0,1,-0.8057412374245417,1,0
6650000,0.25342293206841193,0.047278311684073836,-0.5701867118926005,-0.9293966635677897,1,1,1,0,1,1.5176924895404067,1,0
6650000,0.39178979651610985,0.047278311684073836,1.4218117367065486,1.3782169202337835,1,1,0,0,1,-0.8057412374245417,0,0
6629000,0.39178979651610985,0.047278311684073836,-0.5701867118926005,0.22441012833299692,1,0,0,1,0,0.35597562605793237,1,1
6615000,-0.5306559664685429,0.047278311684073836,1.4218117367065486,0.22441012833299692,1,0,1,0,1,0.35597562605793237,0,1
6615000,2.4672927632315784,0.047278311684073836,1.4218117367065486,-0.9293966635677897,1,0,1,0,1,0.35597562605793237,1,0
6580000,0.39178979651610985,0.047278311684073836,1.4218117367065486,2.53202371213457,1,0,0,0,1,-0.8057412374245417,0,1
6510000,-0.6413494580267012,0.047278311684073836,-0.5701867118926005,0.22441012833299692,1,0,0,1,0,1.5176924895404067,0,1
6510000,1.429541279873844,0.047278311684073836,1.4218117367065486,1.3782169202337835,1,0,0,0,1,-0.8057412374245417,0,0
6510000,0.7008091271159684,0.047278311684073836,-0.5701867118926005,1.3782169202337835,1,0,1,0,0,-0.8057412374245417,1,2
6475000,-0.5491048817282359,0.047278311684073836,-0.5701867118926005,-0.9293966635677897,1,0,1,0,0,1.5176924895404067,0,1
6475000,1.04211405942029,0.047278311684073836,-0.5701867118926005,-0.9293966635677897,1,1,1,0,1,1.5176924895404067,1,2
6440000,1.5817448307663118,2.7595604030335856,3.4138101853056977,0.22441012833299692,1,0,0,0,0,1.5176924895404067,0,0
6440000,-0.0694330849762165,0.047278311684073836,-0.5701867118926005,0.22441012833299692,1,0,0,0,1,-0.8057412374245417,0,1
6419000,0.7377069576353545,-1.308862733990682,-0.5701867118926005,-0.9293966635677897,1,1,1,0,0,1.5176924895404067,1,0
6405000,-0.16167766127468175,0.047278311684073836,1.4218117367065486,2.53202371213457,1,1,0,0,1,-0.8057412374245417,0,0
6300000,0.9452572543069014,0.047278311684073836,1.4218117367065486,-0.9293966635677897,1,0,1,0,1,2.679409353022881,0,1
6300000,0.39178979651610985,1.4034193573588298,1.4218117367065486,2.53202371213457,1,0,0,0,0,0.35597562605793237,0,1
6300000,-0.48453367831931016,0.047278311684073836,1.4218117367065486,1.3782169202337835,1,0,0,0,1,1.5176924895404067,0,1
6300000,1.7754584409930887,0.047278311684073836,-0.5701867118926005,-0.9293966635677897,1,0,1,0,0,0.35597562605793237,1,0
6300000,0.5762789491130403,0.047278311684073836,-0.5701867118926005,-0.9293966635677897,1,1,1,0,1,0.35597562605793237,1,1
6293000,0.6685235254115056,0.047278311684073836,1.4218117367065486,1.3782169202337835,1,0,0,0,1,-0.8057412374245417,1,2
6265000,0.39178979651610985,1.4034193573588298,-0.5701867118926005,1.3782169202337835,1,1,1,0,0,-0.8057412374245417,1,2
6230000,0.6685235254115056,0.047278311684073836,1.4218117367065486,-0.9293966635677897,1,0,1,0,1,-0.8057412374245417,1,2
6230000,0.16117835576994666,0.047278311684073836,-0.5701867118926005,1.3782169202337835,1,0,0,0,0,0.35597562605793237,1,2
6195000,0.16117835576994666,0.047278311684073836,1.4218117367065486,2.53202371213457,1,1,0,0,1,0.35597562605793237,0,1
6195000,0.553217805038424,0.047278311684073836,1.4218117367065486,1.3782169202337835,1,1,0,0,1,-0.8057412374245417,0,0
6195000,0.16117835576994666,0.047278311684073836,1.4218117367065486,-0.9293966635677897,1,1,1,0,0,1.5176924895404067,1,0
6160000,-0.30004452572237966,0.047278311684073836,-0.5701867118926005,2.53202371213457,1,0,0,0,1,-0.8057412374245417,0,2
6160000,0.13811721169533034,1.4034193573588298,1.4218117367065486,-0.9293966635677897,1,0,1,0,1,-0.8057412374245417,1,1
6125000,0.5855034067428869,0.047278311684073836,-0.5701867118926005,1.3782169202337835,1,0,1,0,0,-0.8057412374245417,1,2
6107500,-0.8811853564027108,1.4034193573588298,-0.5701867118926005,1.3782169202337835,1,0,0,0,0,0.35597562605793237,0,1
6090000,0.6754418686338906,1.4034193573588298,1.4218117367065486,0.22441012833299692,1,1,0,1,0,0.35597562605793237,0,1
6090000,0.6685235254115056,0.047278311684073836,-0.5701867118926005,-0.9293966635677897,1,1,1,0,0,1.5176924895404067,1,1
6090000,1.485810471415908,0.047278311684073836,-0.5701867118926005,1.3782169202337835,1,0,0,0,1,1.5176924895404067,0,2
6083000,-0.39228910202084494,4.115701448708341,1.4218117367065486,0.22441012833299692,1,0,0,0,0,-0.8057412374245417,0,0
6083000,2.061416627518331,0.047278311684073836,-0.5701867118926005,-0.9293966635677897,1,0,1,0,0,1.5176924895404067,1,0
6020000,0.7607681017099709,-1.308862733990682,-0.5701867118926005,-0.9293966635677897,1,1,1,0,0,1.5176924895404067,0,0
6020000,1.3142355595007624,0.047278311684073836,-0.5701867118926005,-0.9293966635677897,1,1,1,0,1,1.5176924895404067,1,1
6020000,0.8068903898592035,0.047278311684073836,1.4218117367065486,-0.9293966635677897,1,1,1,0,0,-0.8057412374245417,1,2
5950000,-0.6690228309162407,1.4034193573588298,-0.5701867118926005,0.22441012833299692,1,1,0,0,1,-0.8057412374245417,0,0
5950000,0.5855034067428869,0.047278311684073836,-0.5701867118926005,-0.9293966635677897,1,0,1,0,1,-0.8057412374245417,1,0
5950000,0.8622371356382826,0.047278311684073836,-0.5701867118926005,-0.9293966635677897,1,0,1,0,1,1.5176924895404067,1,1
5950000,0.6408501525219661,0.047278311684073836,-0.5701867118926005,-0.9293966635677897,1,1,1,0,0,1.5176924895404067,1,0
5950000,0.9595551636331635,0.047278311684073836,-0.5701867118926005,0.22441012833299692,1,1,1,0,1,-0.8057412374245417,1,1
5950000,0.5089404084151607,1.4034193573588298,1.4218117367065486,-0.9293966635677897,1,0,1,0,0,0.35597562605793237,1,1
5950000,1.0006040000859806,1.4034193573588298,1.4218117367065486,0.22441012833299692,1,0,0,0,0,-0.8057412374245417,0,0
5950000,0.6339318092995812,0.047278311684073836,1.4218117367065486,2.53202371213457,1,0,0,0,0,0.35597562605793237,0,0
5943000,4.819529458842443,0.047278311684073836,-0.5701867118926005,-0.9293966635677897,1,0,0,0,1,1.5176924895404067,0,1
5880000,0.9268083390472084,0.047278311684073836,-0.5701867118926005,-0.9293966635677897,1,0,1,0,0,1.5176924895404067,1,2
5880000,0.622401237262273,0.047278311684073836,1.4218117367065486,1.3782169202337835,1,0,0,0,1,-0.8057412374245417,0,2
5873000,0.16117835576994666,0.047278311684073836,-0.5701867118926005,1.3782169202337835,1,1,0,0,1,0.35597562605793237,0,0
5873000,2.9100667294642113,0.047278311684073836,-0.5701867118926005,1.3782169202337835,1,0,0,0,0,1.5176924895404067,1,1
5866000,-0.16167766127468175,0.047278311684073836,-0.5701867118926005,-0.9293966635677897,1,1,1,0,0,-0.8057412374245417,0,2
5810000,0.3124594608994297,1.4034193573588298,-0.5701867118926005,2.53202371213457,1,1,0,0,0,-0.8057412374245417,0,1
5810000,0.02281149132224877,0.047278311684073836,-0.5701867118926005,1.3782169202337835,1,0,0,0,1,-0.8057412374245417,0,1
5810000,-0.16167766127468175,0.047278311684073836,-0.5701867118926005,1.3782169202337835,1,0,0,0,1,-0.8057412374245417,0,2
5803000,0.8530126780084362,0.047278311684073836,-0.5701867118926005,-0.9293966635677897,1,0,1,0,0,1.5176924895404067,1,1
5775000,0.39178979651610985,0.047278311684073836,1.4218117367065486,2.53202371213457,1,0,0,0,1,-0.8057412374245417,0,2
5740000,0.11505606762071403,1.4034193573588298,1.4218117367065486,0.22441012833299692,1,0,0,0,1,1.5176924895404067,0,2
5740000,-0.23547332231345397,1.4034193573588298,-0.5701867118926005,0.22441012833299692,1,0,0,0,0,0.35597562605793237,0,1
5740000,-0.0694330849762165,0.047278311684073836,-0.5701867118926005,1.3782169202337835,1,0,0,0,1,-0.8057412374245417,0,1
5740000,0.5578300338533473,0.047278311684073836,-0.5701867118926005,-0.9293966635677897,1,1,1,0,1,1.5176924895404067,1,0
5740000,0.29954522021764457,0.047278311684073836,1.4218117367065486,2.53202371213457,1,0,0,0,1,-0.8057412374245417,0,2
5652500,0.6961968983010451,1.4034193573588298,1.4218117367065486,0.22441012833299692,1,1,1,0,0,0.35597562605793237,1,1
5600000,2.4672927632315784,1.4034193573588298,1.4218117367065486,0.22441012833299692,1,0,0,0,0,0.35597562605793237,0,1
5600000,-0.16167766127468175,2.7595604030335856,1.4218117367065486,1.3782169202337835,0,0,1,1,0,-0.8057412374245417,0,2
5600000,-0.2077999494239144,1.4034193573588298,-0.5701867118926005,0.22441012833299692,1,1,1,0,1,0.35597562605793237,0,0
5600000,-0.0694330849762165,0.047278311684073836,-0.5701867118926005,2.53202371213457,1,0,0,0,0,-0.8057412374245417,0,0
5600000,2.4672927632315784,-1.308862733990682,-0.5701867118926005,-0.9293966635677897,1,0,0,0,0,0.35597562605793237,0,1
5600000,0.16117835576994666,0.047278311684073836,1.4218117367065486,0.22441012833299692,1,0,0,0,0,0.35597562605793237,0,1
5600000,0.5578300338533473,0.047278311684073836,-0.5701867118926005,1.3782169202337835,1,0,0,0,0,-0.8057412374245417,1,1
5600000,0.6685235254115056,1.4034193573588298,1.4218117367065486,-0.9293966635677897,1,0,1,0,0,-0.8057412374245417,1,1
5600000,-0.006706773093260117,0.047278311684073836,-0.5701867118926005,0.22441012833299692,1,1,1,0,1,-0.8057412374245417,1,2
5565000,-0.3461668138716123,1.4034193573588298,-0.5701867118926005,0.22441012833299692,1,0,0,0,1,1.5176924895404067,1,1
5565000,0.11505606762071403,2.7595604030335856,-0.5701867118926005,0.22441012833299692,1,1,1,0,1,-0.8057412374245417,1,0
5530000,-0.8535119835131713,0.047278311684073836,3.4138101853056977,0.22441012833299692,1,0,1,0,0,-0.8057412374245417,0,1
5530000,-0.692083974990857,0.047278311684073836,1.4218117367065486,0.22441012833299692,1,0,0,0,0,1.5176924895404067,0,1
5530000,0.4379120846653424,0.047278311684073836,1.4218117367065486,-0.9293966635677897,1,0,1,0,0,1.5176924895404067,1,0
5523000,0.8068903898592035,0.047278311684073836,-0.5701867118926005,-0.9293966635677897,1,1,1,0,0,-0.8057412374245417,1,1
5495000,-1.076282635273965,1.4034193573588298,1.4218117367065486,0.22441012833299692,0,1,1,0,0,0.35597562605793237,0,0
5495000,1.3050111018709158,0.047278311684073836,-0.5701867118926005,-0.9293966635677897,1,0,0,0,0,1.5176924895404067,0,1
5460000,-0.9226954157370202,0.047278311684073836,1.4218117367065486,-0.9293966635677897,1,1,1,0,1,-0.8057412374245417,0,0
5460000,0.48864660162949836,1.4034193573588298,-0.5701867118926005,2.53202371213457,1,1,0,0,1,-0.8057412374245417,0,0
5460000,0.4379120846653424,0.047278311684073836,-0.5701867118926005,1.3782169202337835,1,1,0,0,1,-0.8057412374245417,1,1
5460000,0.6685235254115056,1.4034193573588298,1.4218117367065486,0.22441012833299692,1,1,1,0,0,-0.8057412374245417,1,1
5425000,0.772298673747279,0.047278311684073836,-0.5701867118926005,-0.9293966635677897,1,1,1,0,1,-0.8057412374245417,1,1
5390000,0.7192580423756615,0.047278311684073836,1.4218117367065486,0.22441012833299692,1,1,1,0,0,0.35597562605793237,1,0
5383000,0.5993400931876567,0.047278311684073836,1.4218117367065486,-0.9293966635677897,1,1,1,1,0,-0.8057412374245417,0,2
5320000,1.2219909832022973,0.047278311684073836,-0.5701867118926005,-0.9293966635677897,1,0,1,0,1,1.5176924895404067,1,2
5285000,-0.253922237573147,-1.308862733990682,1.4218117367065486,-0.9293966635677897,1,0,0,0,1,1.5176924895404067,0,1
5250000,-0.410738017280538,1.4034193573588298,-0.5701867118926005,0.22441012833299692,1,0,1,0,1,-0.8057412374245417,0,0
5250000,0.6408501525219661,1.4034193573588298,1.4218117367065486,0.22441012833299692,0,0,0,0,1,-0.8057412374245417,0,1
5250000,0.16117835576994666,0.047278311684073836,1.4218117367065486,-0.9293966635677897,1,0,1,0,0,-0.8057412374245417,0,1
5250000,2.3607502776068507,0.047278311684073836,-0.5701867118926005,-0.9293966635677897,1,0,0,0,0,0.35597562605793237,1,1
5250000,1.498724712097693,0.047278311684073836,-0.5701867118926005,0.22441012833299692,1,1,1,0,1,1.5176924895404067,1,2
5250000,0.0689337794714814,1.4034193573588298,1.4218117367065486,-0.9293966635677897,1,0,0,0,1,-0.8057412374245417,1,2
5250000,-0.6229005427670081,0.047278311684073836,-0.5701867118926005,0.22441012833299692,1,1,1,0,0,0.35597562605793237,1,2
5250000,2.14443674618695,1.4034193573588298,1.4218117367065486,0.22441012833299692,1,1,0,0,0,1.5176924895404067,0,1
5250000,1.554071457876772,0.047278311684073836,-0.5701867118926005,-0.9293966635677897,1,0,0,0,1,1.5176924895404067,0,0
5243000,0.41485094059072614,0.047278311684073836,-0.5701867118926005,-0.9293966635677897,1,0,1,0,0,-0.8057412374245417,1,1
5229000,0.8922166229352839,0.047278311684073836,-0.5701867118926005,-0.9293966635677897,1,1,1,0,0,1.5176924895404067,1,1
5215000,-0.9088587292922504,0.047278311684073836,1.4218117367065486,0.22441012833299692,1,0,0,0,0,1.5176924895404067,0,1
5215000,-0.30004452572237966,1.4034193573588298,1.4218117367065486,-0.9293966635677897,0,0,1,0,1,1.5176924895404067,0,1
5215000,0.9452572543069014,0.047278311684073836,-0.5701867118926005,0.22441012833299692,1,1,1,0,0,0.35597562605793237,1,0
5145000,-0.8027774665490154,0.047278311684073836,-0.5701867118926005,0.22441012833299692,0,0,0,0,1,-0.8057412374245417,0,1
5145000,1.3050111018709158,0.047278311684073836,-0.5701867118926005,-0.9293966635677897,1,0,0,0,0,0.35597562605793237,1,1
5110000,-0.9918788479608691,0.047278311684073836,1.4218117367065486,0.22441012833299692,1,1,1,0,0,-0.8057412374245417,0,0
5110000,-0.9918788479608691,0.047278311684073836,-0.5701867118926005,0.22441012833299692,1,0,1,0,0,-0.8057412374245417,0,2
5110000,2.8870055853895953,-1.308862733990682,-0.5701867118926005,0.22441012833299692,1,0,0,0,0,-0.8057412374245417,1,0
5110000,0.4379120846653424,0.047278311684073836,-0.5701867118926005,-0.9293966635677897,1,0,1,0,1,-0.8057412374245417,1,1
5075000,0.26264738969825846,-1.308862733990682,-0.5701867118926005,0.22441012833299692,1,0,0,0,1,-0.8057412374245417,1,2
5040000,-0.7428184919550129,-1.308862733990682,-0.5701867118926005,-0.9293966635677897,0,1,1,0,0,-0.8057412374245417,0,1
5040000,1.1297464069038319,1.4034193573588298,-0.5701867118926005,0.22441012833299692,1,0,0,0,1,1.5176924895404067,0,0
5040000,2.5595373395300434,0.047278311684073836,-0.5701867118926005,0.22441012833299692,1,1,1,0,0,-0.8057412374245417,0,1
5040000,0.6685235254115056,0.047278311684073836,-0.5701867118926005,-0.9293966635677897,1,1,1,0,0,-0.8057412374245417,1,0
5033000,-0.16167766127468175,-1.308862733990682,-0.5701867118926005,-0.9293966635677897,1,1,1,0,0,-0.8057412374245417,0,1
5005000,1.3834189917246114,0.047278311684073836,1.4218117367065486,-0.9293966635677897,1,1,1,0,0,-0.8057412374245417,0,1
4970000,-0.341554585056689,1.4034193573588298,3.4138101853056977,0.22441012833299692,1,0,1,0,0,1.5176924895404067,0,1
4970000,1.169411574712172,0.047278311684073836,-0.5701867118926005,-0.9293966635677897,1,1,1,1,0,-0.8057412374245417,0,1
4956000,-1.0841234242593345,0.047278311684073836,1.4218117367065486,0.22441012833299692,0,0,1,0,1,0.35597562605793237,0,1
4935000,0.36780620667850883,0.047278311684073836,-0.5701867118926005,0.22441012833299692,1,0,0,0,1,-0.8057412374245417,0,1
4907000,-0.4384113901700776,0.047278311684073836,-0.5701867118926005,0.22441012833299692,1,0,0,0,0,0.35597562605793237,0,0
4900000,-0.29082006809253313,0.047278311684073836,-0.5701867118926005,0.22441012833299692,1,0,1,0,1,-0.8057412374245417,0,1
4900000,-0.4868397927267718,0.047278311684073836,-0.5701867118926005,0.22441012833299692,0,1,1,0,1,-0.8057412374245417,0,1
4900000,-0.47530922068946363,-1.308862733990682,-0.5701867118926005,-0.9293966635677897,1,0,1,0,0,0.35597562605793237,0,1
4900000,0.11505606762071403,1.4034193573588298,-0.5701867118926005,0.22441012833299692,1,0,0,0,0,-0.8057412374245417,0,1
4900000,-0.17551434771945154,0.047278311684073836,-0.5701867118926005,-0.9293966635677897,1,1,1,0,0,-0.8057412374245417,0,1
4900000,0.5301566609638078,0.047278311684073836,-0.5701867118926005,-0.9293966635677897,1,0,0,0,1,1.5176924895404067,0,1
4900000,0.29954522021764457,-1.308862733990682,-0.5701867118926005,-0.9293966635677897,1,1,1,0,1,-0.8057412374245417,0,1
4900000,-0.9918788479608691,0.047278311684073836,-0.5701867118926005,0.22441012833299692,1,0,1,0,1,-0.8057412374245417,0,1
4900000,-1.005715534405639,0.047278311684073836,-0.5701867118926005,1.3782169202337835,1,0,0,0,0,-0.8057412374245417,0,1
4900000,0.7238702711905848,0.047278311684073836,-0.5701867118926005,-0.9293966635677897,1,0,0,0,0,-0.8057412374245417,0,2
4900000,-0.23270598502450002,0.047278311684073836,-0.5701867118926005,0.22441012833299692,1,1,1,0,0,1.5176924895404067,0,1
4900000,3.5742276788131613,0.047278311684073836,-0.5701867118926005,-0.9293966635677897,1,0,0,0,0,1.5176924895404067,0,0
4893000,-0.7981652377340921,1.4034193573588298,1.4218117367065486,0.22441012833299692,1,0,1,0,1,1.5176924895404067,0,1
4893000,-0.07173919938367813,1.4034193573588298,1.4218117367065486,-0.9293966635677897,1,0,1,0,0,-0.8057412374245417,0,1
4865000,-0.3692279579462286,-1.308862733990682,-0.5701867118926005,-0.9293966635677897,1,0,1,0,0,-0.8057412374245417,0,2
4830000,-0.4568603054297706,0.047278311684073836,-0.5701867118926005,1.3782169202337835,1,0,0,0,0,-0.8057412374245417,0,2
4830000,0.4102387117758029,0.047278311684073836,-0.5701867118926005,-0.9293966635677897,1,0,0,0,0,1.5176924895404067,1,1
4830000,0.7893639203624951,0.047278311684073836,-0.5701867118926005,0.22441012833299692,1,0,0,0,1,1.5176924895404067,1,0
4830000,-0.15475931805229687,-1.308862733990682,-0.5701867118926005,-0.9293966635677897,1,0,0,0,1,-0.8057412374245417,1,1
4795000,0.8530126780084362,0.047278311684073836,-0.5701867118926005,0.22441012833299692,1,0,1,0,0,-0.8057412374245417,0,2
4795000,1.3603578476499951,1.4034193573588298,-0.5701867118926005,2.53202371213457,1,0,1,0,1,1.5176924895404067,0,1
4767000,-0.7981652377340921,1.4034193573588298,1.4218117367065486,0.22441012833299692,1,0,0,0,0,-0.8057412374245417,0,1
4760000,1.852021439320815,-1.308862733990682,-0.5701867118926005,-0.9293966635677897,1,0,1,0,1,1.5176924895404067,0,1
4760000,0.5398423414751465,0.047278311684073836,-0.5701867118926005,0.22441012833299692,1,0,1,0,1,0.35597562605793237,0,0
4760000,2.3473748140435733,-1.308862733990682,-0.5701867118926005,-0.9293966635677897,1,0,0,0,1,1.5176924895404067,1,2
4753000,0.5947278643727334,-1.308862733990682,-0.5701867118926005,-0.9293966635677897,1,0,0,0,1,2.679409353022881,0,1
4690000,0.008974804877478978,0.047278311684073836,-0.5701867118926005,2.53202371213457,1,0,0,0,1,-0.8057412374245417,0,1
4690000,0.39178979651610985,-1.308862733990682,-0.5701867118926005,-0.9293966635677897,1,0,1,0,1,0.35597562605793237,0,0
4690000,-0.7013084326207035,0.047278311684073836,-0.5701867118926005,0.22441012833299692,1,0,0,0,0,1.5176924895404067,0,1
4690000,2.0830941029484706,1.4034193573588298,1.4218117367065486,0.22441012833299692,1,1,1,0,0,0.35597562605793237,0,1
4690000,0.11505606762071403,-1.308862733990682,-0.5701867118926005,0.22441012833299692,1,0,0,0,0,-0.8057412374245417,1,1
4690000,-0.3830646443909984,0.047278311684073836,-0.5701867118926005,-0.9293966635677897,1,0,0,0,0,-0.8057412374245417,1,1
4655000,-0.648267801249086,0.047278311684073836,-0.5701867118926005,0.22441012833299692,1,0,1,0,0,-0.8057412374245417,0,0
4620000,-0.4568603054297706,0.047278311684073836,-0.5701867118926005,-0.9293966635677897,1,1,1,0,1,-0.8057412374245417,0,2
4620000,-0.586002712247622,0.047278311684073836,1.4218117367065486,0.22441012833299692,1,0,1,0,0,1.5176924895404067,0,1
4620000,0.2441984744385654,0.047278311684073836,-0.5701867118926005,0.22441012833299692,1,1,0,0,1,0.35597562605793237,0,1
4620000,-1.0518378225548715,-1.308862733990682,-0.5701867118926005,0.22441012833299692,1,1,1,0,0,-0.8057412374245417,1,1
4620000,-0.06482085616129324,0.047278311684073836,-0.5701867118926005,0.22441012833299692,1,0,1,0,0,-0.8057412374245417,0,1
4613000,-0.29543229690745637,1.4034193573588298,1.4218117367065486,0.22441012833299692,1,0,1,0,0,-0.8057412374245417,0,1
4585000,-0.5306559664685429,0.047278311684073836,-0.5701867118926005,0.22441012833299692,1,0,0,0,0,0.35597562605793237,0,0
4585000,-0.6044516275073151,0.047278311684073836,-0.5701867118926005,0.22441012833299692,1,0,0,0,0,0.35597562605793237,1,1
4550000,-0.6413494580267012,0.047278311684073836,-0.5701867118926005,-0.9293966635677897,1,0,0,0,0,1.5176924895404067,0,1
4550000,-0.6966962038057802,0.047278311684073836,-0.5701867118926005,0.22441012833299692,1,0,0,0,1,-0.8057412374245417,0,0
4550000,-1.199429144632416,0.047278311684073836,-0.5701867118926005,0.22441012833299692,1,0,1,0,0,-0.8057412374245417,0,0
4550000,0.07815823710132792,0.047278311684073836,-0.5701867118926005,0.22441012833299692,1,1,1,0,0,-0.8057412374245417,1,1
4550000,0.09660715236102098,0.047278311684073836,-0.5701867118926005,0.22441012833299692,1,0,0,0,0,1.5176924895404067,1,2
4550000,-0.7520429495848594,0.047278311684073836,-0.5701867118926005,-0.9293966635677897,1,0,0,0,0,-0.8057412374245417,1,1
4550000,1.498724712097693,1.4034193573588298,-0.5701867118926005,2.53202371213457,1,0,0,0,0,2.679409353022881,0,2
4543000,-0.48453367831931016,-1.308862733990682,1.4218117367065486,-0.9293966635677897,1,1,1,0,0,-0.8057412374245417,0,1
4543000,-0.07404531379113975,1.4034193573588298,1.4218117367065486,0.22441012833299692,1,1,1,0,0,-0.8057412374245417,1,0
4515000,-0.7566551783997827,0.047278311684073836,-0.5701867118926005,1.3782169202337835,1,0,0,0,0,-0.8057412374245417,0,1
4515000,-0.7843285512893223,0.047278311684073836,-0.5701867118926005,0.22441012833299692,1,0,1,0,0,0.35597562605793237,0,1
4515000,2.1721101190764895,0.047278311684073836,-0.5701867118926005,-0.9293966635677897,1,0,0,0,0,-0.8057412374245417,0,1
4515000,-0.7520429495848594,-1.308862733990682,-0.5701867118926005,0.22441012833299692,1,0,0,0,0,-0.8057412374245417,1,0
4480000,-0.29543229690745637,1.4034193573588298,-0.5701867118926005,0.22441012833299692,1,0,0,0,1,1.5176924895404067,0,1
4480000,0.33874916514449227,-1.308862733990682,-0.5701867118926005,-0.9293966635677897,1,0,0,0,1,0.35597562605793237,0,2
4480000,-0.5306559664685429,0.047278311684073836,-0.5701867118926005,0.22441012833299692,1,0,0,0,0,1.5176924895404067,0,0
4480000,1.429541279873844,0.047278311684073836,-0.5701867118926005,-0.9293966635677897,1,0,0,0,0,-0.8057412374245417,0,0
4480000,-0.5122070512088498,0.047278311684073836,-0.5701867118926005,0.22441012833299692,1,0,0,0,0,0.35597562605793237,0,1
4473000,0.5578300338533473,-1.308862733990682,-0.5701867118926005,-0.9293966635677897,1,0,1,0,1,0.35597562605793237,0,0
4473000,-0.9171607411591123,0.047278311684073836,-0.5701867118926005,0.22441012833299692,1,0,0,0,1,0.35597562605793237,0,0
4473000,-0.7566551783997827,0.047278311684073836,-0.5701867118926005,0.22441012833299692,1,0,0,0,0,-0.8057412374245417,0,1
4445000,-0.6459616868416244,-1.308862733990682,-0.5701867118926005,-0.9293966635677897,1,1,1,0,0,-0.8057412374245417,0,1
4410000,-0.5454150986762972,0.047278311684073836,-0.5701867118926005,0.22441012833299692,0,0,0,0,0,-0.8057412374245417,0,1
4410000,-0.11555537312544913,-1.308862733990682,-0.5701867118926005,0.22441012833299692,1,0,1,0,0,-0.8057412374245417,0,1
4403000,-1.0472255937399484,0.047278311684073836,-0.5701867118926005,0.22441012833299692,1,0,0,0,0,-0.8057412374245417,1,1
4403000,-0.12477983075529565,0.047278311684073836,-0.5701867118926005,-0.9293966635677897,1,0,0,0,0,1.5176924895404067,1,2
4403000,-0.1063309154956026,0.047278311684073836,-0.5701867118926005,0.22441012833299692,1,0,0,0,0,0.35597562605793237,0,1
4382000,-0.09249422905083281,1.4034193573588298,-0.5701867118926005,0.22441012833299692,1,0,0,0,1,-0.8057412374245417,0,1
4375000,-0.5767782546177754,0.047278311684073836,-0.5701867118926005,0.22441012833299692,1,0,0,0,0,-0.8057412374245417,0,2
4340000,-0.30004452572237966,0.047278311684073836,1.4218117367065486,1.3782169202337835,1,0,0,1,0,0.35597562605793237,0,0
4340000,-1.4969179031949664,2.7595604030335856,-0.5701867118926005,0.22441012833299692,0,0,1,0,0,-0.8057412374245417,0,1
4340000,-0.49606425035661833,0.047278311684073836,-0.5701867118926005,-0.9293966635677897,1,1,1,0,0,1.5176924895404067,0,1
4340000,-0.761267407214706,1.4034193573588298,-0.5701867118926005,0.22441012833299692,1,0,0,0,0,1.5176924895404067,0,0
4340000,0.5993400931876567,1.4034193573588298,-0.5701867118926005,0.22441012833299692,1,0,0,0,0,-0.8057412374245417,0,1
4319000,-0.5158968342607884,-1.308862733990682,-0.5701867118926005,-0.9293966635677897,1,0,1,0,0,-0.8057412374245417,0,0
4305000,-0.3461668138716123,-1.308862733990682,-0.5701867118926005,-0.9293966635677897,1,0,0,0,0,0.35597562605793237,0,1
4305000,2.4027215598226523,-1.308862733990682,-0.5701867118926005,-0.9293966635677897,1,0,0,0,0,0.35597562605793237,1,1
4277000,-0.8073896953639386,0.047278311684073836,-0.5701867118926005,0.22441012833299692,1,0,1,0,0,1.5176924895404067,1,1
4270000,0.5578300338533473,-1.308862733990682,-0.5701867118926005,-0.9293966635677897,1,0,0,0,0,-0.8057412374245417,0,0
4270000,0.5578300338533473,-1.308862733990682,-0.5701867118926005,0.22441012833299692,1,0,0,0,0,-0.8057412374245417,0,2
4270000,-0.30004452572237966,-1.308862733990682,-0.5701867118926005,-0.9293966635677897,1,0,0,0,1,1.5176924895404067,0,0
4270000,-1.3723877251920384,0.047278311684073836,-0.5701867118926005,0.22441012833299692,0,1,1,0,1,-0.8057412374245417,0,2
4270000,-0.36461572913130536,1.4034193573588298,-0.5701867118926005,0.22441012833299692,1,0,0,0,0,-0.8057412374245417,0,0
4270000,1.2081542967575274,-1.308862733990682,-0.5701867118926005,-0.9293966635677897,1,0,0,0,0,0.35597562605793237,0,0
4235000,0.691584669486122,0.047278311684073836,-0.5701867118926005,0.22441012833299692,1,1,0,0,0,-0.8057412374245417,0,1
4235000,-1.0901193217187346,0.047278311684073836,-0.5701867118926005,-0.9293966635677897,1,0,1,0,0,-0.8057412374245417,1,0
4200000,0.16117835576994666,0.047278311684073836,-0.5701867118926005,0.22441012833299692,1,0,0,0,1,-0.8057412374245417,0,2
4200000,-0.05098416971652344,0.047278311684073836,-0.5701867118926005,0.22441012833299692,1,0,1,0,1,-0.8057412374245417,0,2
4200000,0.32260636429226086,-1.308862733990682,-0.5701867118926005,-0.9293966635677897,1,1,1,0,0,1.5176924895404067,0,1
4200000,-1.1717557717428764,1.4034193573588298,3.4138101853056977,0.22441012833299692,0,0,0,0,0,-0.8057412374245417,0,1
4200000,-1.0135563233910085,0.047278311684073836,-0.5701867118926005,0.22441012833299692,1,0,1,0,1,-0.8057412374245417,0,2
4200000,-1.1085682369784278,1.4034193573588298,1.4218117367065486,0.22441012833299692,0,0,0,0,0,-0.8057412374245417,0,1
4200000,-0.341554585056689,-1.308862733990682,-0.5701867118926005,-0.9293966635677897,0,0,0,0,0,0.35597562605793237,0,2
4200000,-0.5306559664685429,1.4034193573588298,1.4218117367065486,0.22441012833299692,0,0,0,0,0,-0.8057412374245417,0,1
4200000,-1.3032042929681893,0.047278311684073836,-0.5701867118926005,0.22441012833299692,0,0,0,0,0,-0.8057412374245417,0,1
4200000,-0.253922237573147,0.047278311684073836,1.4218117367065486,0.22441012833299692,1,0,0,0,1,0.35597562605793237,0,1
4200000,-0.6966962038057802,0.047278311684073836,1.4218117367065486,0.22441012833299692,1,0,1,0,0,-0.8057412374245417,0,2
4200000,0.29954522021764457,0.047278311684073836,-0.5701867118926005,-0.9293966635677897,1,0,0,1,0,1.5176924895404067,0,1
4200000,0.8530126780084362,0.047278311684073836,-0.5701867118926005,-0.9293966635677897,1,0,0,0,0,2.679409353022881,0,0
4200000,-0.49421935883064905,0.047278311684073836,-0.5701867118926005,1.3782169202337835,1,0,0,0,0,-0.8057412374245417,0,1
4200000,-0.7520429495848594,0.047278311684073836,-0.5701867118926005,0.22441012833299692,1,0,0,0,0,-0.8057412374245417,1,1
4200000,-1.386224411636808,0.047278311684073836,-0.5701867118926005,1.3782169202337835,1,0,0,0,0,0.35597562605793237,1,2
4200000,-0.30004452572237966,0.047278311684073836,-0.5701867118926005,-0.9293966635677897,1,0,1,0,0,-0.8057412374245417,0,0
4193000,1.429541279873844,0.047278311684073836,-0.5701867118926005,-0.9293966635677897,1,0,1,0,0,2.679409353022881,0,1
4193000,-0.7843285512893223,0.047278311684073836,-0.5701867118926005,0.22441012833299692,1,0,0,0,0,0.35597562605793237,0,1
4165000,-0.1432287460149887,0.047278311684073836,-0.5701867118926005,0.22441012833299692,1,0,0,0,0,0.35597562605793237,0,1
4165000,-0.4937581359491567,0.047278311684073836,-0.5701867118926005,0.22441012833299692,1,0,0,0,0,1.5176924895404067,0,1
4165000,-0.5094397139198958,0.047278311684073836,-0.5701867118926005,0.22441012833299692,1,0,1,0,0,0.35597562605793237,0,1
4130000,-0.2391631053653926,1.4034193573588298,-0.5701867118926005,0.22441012833299692,1,0,0,0,1,-0.8057412374245417,0,1
4130000,0.3848714532937249,0.047278311684073836,-0.5701867118926005,-0.9293966635677897,1,0,1,0,0,-0.8057412374245417,0,1
4123000,0.4194631694056494,-1.308862733990682,-0.5701867118926005,-0.9293966635677897,1,0,1,0,0,0.35597562605793237,0,1
4098500,-0.7151451190654733,0.047278311684073836,-0.5701867118926005,-0.9293966635677897,1,0,1,0,1,-0.8057412374245417,1,0
4095000,-0.6782472885460872,0.047278311684073836,1.4218117367065486,0.22441012833299692,1,0,0,0,0,-0.8057412374245417,0,1
4095000,-0.5122070512088498,-1.308862733990682,-0.5701867118926005,0.22441012833299692,1,0,0,0,0,0.35597562605793237,0,1
4095000,0.2073006439191793,-1.308862733990682,-0.5701867118926005,-0.9293966635677897,1,0,0,0,1,-0.8057412374245417,0,1
4060000,0.3456675083668772,1.4034193573588298,1.4218117367065486,0.22441012833299692,0,0,1,0,0,0.35597562605793237,0,2
4060000,-0.07312286802815511,0.047278311684073836,1.4218117367065486,0.22441012833299692,1,0,0,0,0,1.5176924895404067,0,2
4060000,-0.3738401867611519,0.047278311684073836,-0.5701867118926005,-0.9293966635677897,1,0,0,0,0,-0.8057412374245417,0,1
4060000,-0.9918788479608691,1.4034193573588298,-0.5701867118926005,1.3782169202337835,1,0,1,0,1,1.5176924895404067,0,1
4060000,-0.3830646443909984,0.047278311684073836,-0.5701867118926005,0.22441012833299692,1,0,0,0,0,1.5176924895404067,1,0
4025000,-0.7013084326207035,0.047278311684073836,1.4218117367065486,0.22441012833299692,1,0,0,1,0,1.5176924895404067,0,1
4025000,-0.779716322474399,0.047278311684073836,1.4218117367065486,-0.9293966635677897,1,0,1,0,1,0.35597562605793237,0,0
4025000,0.11505606762071403,0.047278311684073836,-0.5701867118926005,-0.9293966635677897,1,0,0,0,0,2.679409353022881,0,1
4007500,-0.30004452572237966,0.047278311684073836,-0.5701867118926005,0.22441012833299692,0,0,1,0,1,-0.8057412374245417,0,1
4007500,-0.779716322474399,1.4034193573588298,-0.5701867118926005,0.22441012833299692,1,0,0,0,1,-0.8057412374245417,0,1
3990000,-0.48453367831931016,1.4034193573588298,-0.5701867118926005,-0.9293966635677897,0,0,1,0,0,-0.8057412374245417,0,2
3990000,0.6131767796324264,0.047278311684073836,-0.5701867118926005,0.22441012833299692,0,0,0,0,1,0.35597562605793237,0,1
3990000,-0.30004452572237966,0.047278311684073836,1.4218117367065486,0.22441012833299692,0,0,1,0,1,-0.8057412374245417,0,1
3990000,-0.5491048817282359,0.047278311684073836,-0.5701867118926005,0.22441012833299692,1,0,0,0,0,-0.8057412374245417,0,0
3990000,-0.5075948223939265,-1.308862733990682,-0.5701867118926005,0.22441012833299692,1,1,1,0,0,-0.8057412374245417,1,2
3920000,0.972930627196441,0.047278311684073836,1.4218117367065486,-0.9293966635677897,1,1,1,0,0,2.679409353022881,0,0
3920000,0.16117835576994666,1.4034193573588298,-0.5701867118926005,0.22441012833299692,1,1,1,0,0,-0.8057412374245417,0,1
3920000,-0.9918788479608691,0.047278311684073836,-0.5701867118926005,0.22441012833299692,1,0,0,0,0,-0.8057412374245417,0,1
3920000,-0.8581242123280945,-1.308862733990682,-0.5701867118926005,-0.9293966635677897,1,0,0,1,0,0.35597562605793237,0,0
3920000,-0.6155209766631309,-1.308862733990682,-0.5701867118926005,-0.9293966635677897,1,0,1,0,1,1.5176924895404067,0,0
3920000,1.3511333900201485,0.047278311684073836,-0.5701867118926005,-0.9293966635677897,1,0,0,0,1,1.5176924895404067,0,1
3920000,-1.386224411636808,1.4034193573588298,1.4218117367065486,-0.9293966635677897,1,0,1,0,0,-0.8057412374245417,1,2
3885000,-0.6321250003968546,-1.308862733990682,-0.5701867118926005,0.22441012833299692,1,1,1,0,0,-0.8057412374245417,0,1
3885000,-0.9088587292922504,1.4034193573588298,1.4218117367065486,0.22441012833299692,1,0,0,0,0,-0.8057412374245417,0,0
3850000,0.0689337794714814,2.7595604030335856,1.4218117367065486,0.22441012833299692,1,0,0,0,0,-0.8057412374245417,0,1
3850000,-0.9088587292922504,-1.308862733990682,1.4218117367065486,-0.9293966635677897,1,0,1,0,0,1.5176924895404067,0,1
3850000,0.9231185559952697,0.047278311684073836,-0.5701867118926005,0.22441012833299692,1,0,0,0,1,-0.8057412374245417,0,0
3850000,-0.4937581359491567,-1.308862733990682,-0.5701867118926005,-0.9293966635677897,1,0,0,0,0,-0.8057412374245417,0,1
3850000,-0.5998393986923918,-1.308862733990682,-0.5701867118926005,-0.9293966635677897,1,0,0,0,0,-0.8057412374245417,0,1
3850000,-1.4461833862308104,0.047278311684073836,-0.5701867118926005,0.22441012833299692,1,0,1,0,0,-0.8057412374245417,1,1
3850000,-1.371926502310546,-1.308862733990682,-0.5701867118926005,0.22441012833299692,1,1,0,0,0,-0.8057412374245417,1,1
3836000,-0.8304508394385549,0.047278311684073836,-0.5701867118926005,0.22441012833299692,1,0,0,0,0,-0.8057412374245417,0,2
3815000,-0.9226954157370202,-1.308862733990682,1.4218117367065486,-0.9293966635677897,0,0,1,0,0,-0.8057412374245417,0,1
3780000,-0.15245320364483522,0.047278311684073836,-0.5701867118926005,0.22441012833299692,1,0,0,0,0,-0.8057412374245417,0,1
3780000,-0.7981652377340921,-1.308862733990682,-0.5701867118926005,0.22441012833299692,1,0,0,1,0,0.35597562605793237,0,1
3780000,-0.7151451190654733,-1.308862733990682,-0.5701867118926005,-0.9293966635677897,1,0,0,0,0,-0.8057412374245417,0,1
3780000,0.31338190666241433,-1.308862733990682,-0.5701867118926005,-0.9293966635677897,1,0,0,0,0,1.5176924895404067,0,2
3780000,-1.0582949428957642,0.047278311684073836,-0.5701867118926005,1.3782169202337835,1,0,0,0,0,-0.8057412374245417,1,0
3780000,1.498724712097693,-1.308862733990682,-0.5701867118926005,-0.9293966635677897,1,0,0,0,0,0.35597562605793237,0,0
3773000,1.429541279873844,0.047278311684073836,-0.5701867118926005,-0.9293966635677897,1,0,0,0,0,1.5176924895404067,0,0
3773000,-1.2132658310771858,2.7595604030335856,1.4218117367065486,-0.9293966635677897,0,0,1,0,1,0.35597562605793237,0,0
3773000,0.8207270763039733,1.4034193573588298,-0.5701867118926005,0.22441012833299692,0,0,0,0,0,0.35597562605793237,0,0
3745000,-0.7704918648445525,-1.308862733990682,-0.5701867118926005,-0.9293966635677897,1,0,0,0,0,-0.8057412374245417,1,1
3710000,-0.7151451190654733,0.047278311684073836,-0.5701867118926005,-0.9293966635677897,1,0,0,0,0,0.35597562605793237,0,2
3710000,-0.5122070512088498,-1.308862733990682,-0.5701867118926005,-0.9293966635677897,1,0,0,0,0,-0.8057412374245417,0,1
3710000,0.4010142541459564,0.047278311684073836,-0.5701867118926005,-0.9293966635677897,1,0,0,0,0,-0.8057412374245417,0,1
3710000,-0.5075948223939265,-1.308862733990682,-0.5701867118926005,-0.9293966635677897,1,0,0,0,0,-0.8057412374245417,0,0
3710000,-0.7225246851693505,-1.308862733990682,-0.5701867118926005,-0.9293966635677897,1,0,0,1,0,-0.8057412374245417,0,1
3703000,-0.93653210218179,0.047278311684073836,-0.5701867118926005,0.22441012833299692,0,0,1,1,0,-0.8057412374245417,0,1
3703000,0.13811721169533034,-1.308862733990682,-0.5701867118926005,-0.9293966635677897,1,0,0,0,0,-0.8057412374245417,0,0
3675000,-0.7013084326207035,-1.308862733990682,-0.5701867118926005,-0.9293966635677897,1,0,1,0,0,-0.8057412374245417,0,0
3675000,-0.7013084326207035,-1.308862733990682,-0.5701867118926005,-0.9293966635677897,1,0,0,0,1,-0.8057412374245417,0,2
3675000,0.22574955917887235,-1.308862733990682,-0.5701867118926005,-0.9293966635677897,0,0,0,0,0,-0.8057412374245417,0,1
3675000,-0.7151451190654733,-1.308862733990682,-0.5701867118926005,-0.9293966635677897,1,0,0,0,0,-0.8057412374245417,0,0
3640000,-0.40151355965069147,-1.308862733990682,-0.5701867118926005,-0.9293966635677897,1,0,0,0,1,1.5176924895404067,0,1
3640000,-0.7289818055102432,0.047278311684073836,-0.5701867118926005,0.22441012833299692,1,0,1,0,0,-0.8057412374245417,0,1
3640000,-0.9088587292922504,0.047278311684073836,-0.5701867118926005,0.22441012833299692,0,0,1,0,0,-0.8057412374245417,0,1
3640000,-0.9918788479608691,-1.308862733990682,-0.5701867118926005,0.22441012833299692,1,0,0,0,1,-0.8057412374245417,0,0
3640000,-0.7520429495848594,-1.308862733990682,1.4218117367065486,-0.9293966635677897,1,0,1,0,0,-0.8057412374245417,0,1
3640000,0.3733408812564168,0.047278311684073836,-0.5701867118926005,0.22441012833299692,1,1,1,0,0,-0.8057412374245417,0,2
3640000,-0.4706969918745404,0.047278311684073836,1.4218117367065486,0.22441012833299692,1,0,0,0,0,1.5176924895404067,0,1
3640000,-1.061062280184718,0.047278311684073836,1.4218117367065486,0.22441012833299692,0,0,1,0,0,-0.8057412374245417,1,2
3640000,-1.3262654370428058,0.047278311684073836,-0.5701867118926005,1.3782169202337835,1,0,0,1,1,-0.8057412374245417,1,1
3633000,-0.7520429495848594,0.047278311684073836,-0.5701867118926005,-0.9293966635677897,1,0,0,0,0,1.5176924895404067,1,2
3605000,-0.30004452572237966,-1.308862733990682,-0.5701867118926005,-0.9293966635677897,1,0,0,0,0,-0.8057412374245417,0,1
3605000,-0.5306559664685429,-1.308862733990682,-0.5701867118926005,-0.9293966635677897,1,0,0,0,0,-0.8057412374245417,1,1
3570000,-0.9226954157370202,0.047278311684073836,-0.5701867118926005,0.22441012833299692,1,0,1,0,0,-0.8057412374245417,0,0
3570000,-0.30004452572237966,1.4034193573588298,1.4218117367065486,0.22441012833299692,1,0,1,0,0,1.5176924895404067,0,0
3570000,-0.30004452572237966,-1.308862733990682,-0.5701867118926005,-0.9293966635677897,0,0,0,0,0,-0.8057412374245417,0,0
3570000,-0.6966962038057802,-1.308862733990682,-0.5701867118926005,-0.9293966635677897,1,0,0,0,0,-0.8057412374245417,0,2
3535000,-0.5998393986923918,0.047278311684073836,-0.5701867118926005,-0.9293966635677897,1,0,0,0,0,1.5176924895404067,0,2
3500000,-0.4199624749103845,0.047278311684073836,-0.5701867118926005,0.22441012833299692,1,0,0,0,1,-0.8057412374245417,0,1
3500000,-0.692083974990857,0.047278311684073836,-0.5701867118926005,0.22441012833299692,1,0,0,0,0,-0.8057412374245417,0,2
3500000,-0.253922237573147,1.4034193573588298,-0.5701867118926005,0.22441012833299692,1,0,0,0,0,-0.8057412374245417,0,1
3500000,-1.3908366404517314,0.047278311684073836,1.4218117367065486,0.22441012833299692,0,0,0,0,0,-0.8057412374245417,0,2
3500000,-0.9752748242271454,0.047278311684073836,-0.5701867118926005,0.22441012833299692,1,0,1,0,0,-0.8057412374245417,0,1
3500000,-0.535268195283466,0.047278311684073836,-0.5701867118926005,0.22441012833299692,1,0,0,0,0,-0.8057412374245417,0,1
3500000,1.0485711797611825,0.047278311684073836,-0.5701867118926005,-0.9293966635677897,0,0,0,0,0,-0.8057412374245417,0,2
3500000,-0.7704918648445525,0.047278311684073836,-0.5701867118926005,-0.9293966635677897,0,0,0,0,1,-0.8057412374245417,0,2
3500000,-0.7151451190654733,4.115701448708341,-0.5701867118926005,0.22441012833299692,1,0,0,0,0,0.35597562605793237,0,2
3500000,-0.6966962038057802,-1.308862733990682,-0.5701867118926005,-0.9293966635677897,1,0,0,0,0,0.35597562605793237,0,1
3500000,0.3456675083668772,-1.308862733990682,-0.5701867118926005,-0.9293966635677897,1,0,0,0,0,0.35597562605793237,0,0
3500000,-0.93653210218179,0.047278311684073836,-0.5701867118926005,0.22441012833299692,1,0,0,0,0,0.35597562605793237,0,2
3500000,1.0144406865307503,-1.308862733990682,-0.5701867118926005,-0.9293966635677897,1,0,0,0,0,0.35597562605793237,0,1
3500000,-0.7557327326367981,-1.308862733990682,-0.5701867118926005,-0.9293966635677897,1,0,0,0,0,0.35597562605793237,1,2
3500000,2.006069881739252,0.047278311684073836,-0.5701867118926005,0.22441012833299692,1,0,0,0,0,2.679409353022881,1,2
3500000,0.3364430507370307,-1.308862733990682,-0.5701867118926005,-0.9293966635677897,1,0,0,0,0,-0.8057412374245417,0,2
3500000,3.5945214855988237,0.047278311684073836,-0.5701867118926005,-0.9293966635677897,1,0,0,0,0,-0.8057412374245417,0,2
3493000,-0.11555537312544913,0.047278311684073836,-0.5701867118926005,0.22441012833299692,0,0,0,0,0,-0.8057412374245417,0,2
3465000,-0.9642054750713296,0.047278311684073836,-0.5701867118926005,-0.9293966635677897,1,0,0,0,0,-0.8057412374245417,0,2
3465000,0.07815823710132792,-1.308862733990682,-0.5701867118926005,-0.9293966635677897,1,0,0,0,0,0.35597562605793237,1,2
3465000,-1.386224411636808,0.047278311684073836,-0.5701867118926005,1.3782169202337835,1,0,0,0,0,-0.8057412374245417,1,0
3430000,-0.5306559664685429,-1.308862733990682,-0.5701867118926005,-0.9293966635677897,1,0,0,0,0,-0.8057412374245417,0,2
3430000,-0.9065526148847888,-1.308862733990682,-0.5701867118926005,-0.9293966635677897,1,0,0,0,0,1.5176924895404067,0,2
3430000,-0.5998393986923918,0.047278311684073836,-0.5701867118926005,-0.9293966635677897,1,0,0,0,0,-0.8057412374245417,0,2
3430000,-1.386224411636808,0.047278311684073836,-0.5701867118926005,1.3782169202337835,1,0,0,0,0,-0.8057412374245417,1,0
3430000,-1.1717557717428764,0.047278311684073836,-0.5701867118926005,0.22441012833299692,1,0,1,0,0,-0.8057412374245417,1,2
3430000,-1.4761628735278118,0.047278311684073836,1.4218117367065486,0.22441012833299692,1,0,1,0,0,-0.8057412374245417,1,2
3423000,-0.5122070512088498,-1.308862733990682,-0.5701867118926005,-0.9293966635677897,1,0,0,0,0,-0.8057412374245417,0,2
3395000,-0.16859600449706666,0.047278311684073836,-0.5701867118926005,0.22441012833299692,1,1,1,0,1,0.35597562605793237,0,0
3395000,-0.7843285512893223,0.047278311684073836,-0.5701867118926005,-0.9293966635677897,1,0,1,0,0,1.5176924895404067,0,2
3395000,-0.6966962038057802,-1.308862733990682,-0.5701867118926005,-0.9293966635677897,1,0,0,0,0,-0.8057412374245417,0,0
3360000,-0.761267407214706,1.4034193573588298,-0.5701867118926005,0.22441012833299692,1,0,0,0,1,1.5176924895404067,0,2
3360000,-0.08788200023590954,1.4034193573588298,-0.5701867118926005,1.3782169202337835,0,0,0,0,0,-0.8057412374245417,0,1
3360000,-0.47530922068946363,-1.308862733990682,-0.5701867118926005,0.22441012833299692,1,0,0,0,0,-0.8057412374245417,0,2
3360000,-0.18473880534929807,-1.308862733990682,-0.5701867118926005,-0.9293966635677897,1,0,0,0,0,-0.8057412374245417,0,2
3360000,-0.6597983732863942,-1.308862733990682,-0.5701867118926005,-0.9293966635677897,0,0,0,0,1,-0.8057412374245417,0,2
3360000,-0.6459616868416244,0.047278311684073836,-0.5701867118926005,-0.9293966635677897,1,0,0,0,0,-0.8057412374245417,0,2
3360000,-0.9457565598116365,0.047278311684073836,-0.5701867118926005,0.22441012833299692,0,0,1,0,0,-0.8057412374245417,0,1
3360000,-0.9065526148847888,-1.308862733990682,-0.5701867118926005,-0.9293966635677897,1,0,1,0,0,1.5176924895404067,0,0
3353000,-1.130245712408567,0.047278311684073836,-0.5701867118926005,-0.9293966635677897,0,0,0,0,0,-0.8057412374245417,0,0
3332000,-1.386224411636808,0.047278311684073836,-0.5701867118926005,0.22441012833299692,1,0,1,0,0,-0.8057412374245417,1,0
3325000,-0.5122070512088498,-1.308862733990682,-0.5701867118926005,-0.9293966635677897,1,0,0,0,0,0.35597562605793237,0,2
3325000,-0.17320823331198992,1.4034193573588298,-0.5701867118926005,0.22441012833299692,1,0,0,0,0,-0.8057412374245417,0,2
3290000,-1.2224902887070324,-1.308862733990682,-0.5701867118926005,-0.9293966635677897,0,0,0,0,1,-0.8057412374245417,0,2
3290000,-0.9088587292922504,1.4034193573588298,-0.5701867118926005,0.22441012833299692,1,0,1,0,1,-0.8057412374245417,0,2
3290000,0.4194631694056494,0.047278311684073836,-0.5701867118926005,-0.9293966635677897,1,1,1,0,0,-0.8057412374245417,0,0
3290000,-0.7704918648445525,1.4034193573588298,-0.5701867118926005,0.22441012833299692,0,0,0,0,0,0.35597562605793237,0,1
3290000,-0.6265903258189467,1.4034193573588298,-0.5701867118926005,0.22441012833299692,1,0,0,0,0,-0.8057412374245417,0,1
3290000,-0.5122070512088498,-1.308862733990682,-0.5701867118926005,-0.9293966635677897,1,0,0,0,0,-0.8057412374245417,0,2
3290000,-1.386224411636808,0.047278311684073836,-0.5701867118926005,0.22441012833299692,1,0,1,0,0,-0.8057412374245417,1,0
3290000,0.3364430507370307,0.047278311684073836,-0.5701867118926005,-0.9293966635677897,1,0,0,0,0,0.35597562605793237,0,2
3255000,-0.30004452572237966,-1.308862733990682,-0.5701867118926005,-0.9293966635677897,0,0,0,0,0,-0.8057412374245417,0,1
3255000,-0.5629415681730057,-1.308862733990682,-0.5701867118926005,-0.9293966635677897,0,0,0,0,0,-0.8057412374245417,0,2
3234000,-0.6966962038057802,1.4034193573588298,-0.5701867118926005,0.22441012833299692,1,0,1,0,0,-0.8057412374245417,0,2
3220000,-0.36000350031638206,0.047278311684073836,-0.5701867118926005,0.22441012833299692,1,0,0,0,0,-0.8057412374245417,0,2
3220000,-1.1376252785124443,-1.308862733990682,-0.5701867118926005,-0.9293966635677897,1,0,0,0,1,0.35597562605793237,0,2
3220000,-0.3830646443909984,0.047278311684073836,-0.5701867118926005,-0.9293966635677897,0,0,0,0,0,0.35597562605793237,0,2
3220000,-0.93653210218179,0.047278311684073836,-0.5701867118926005,0.22441012833299692,0,0,0,0,0,-0.8057412374245417,0,0
3150000,-0.7843285512893223,-2.665003779665438,-0.5701867118926005,-0.9293966635677897,1,0,0,0,0,-0.8057412374245417,0,0
3150000,-0.5371130868094354,-1.308862733990682,1.4218117367065486,-0.9293966635677897,0,1,1,0,0,0.35597562605793237,0,2
3150000,-0.761267407214706,-1.308862733990682,-0.5701867118926005,-0.9293966635677897,0,0,1,0,0,-0.8057412374245417,0,1
3150000,-0.4868397927267718,-1.308862733990682,-0.5701867118926005,-0.9293966635677897,1,0,0,0,0,1.5176924895404067,0,1
3150000,-1.6145297379755097,0.047278311684073836,-0.5701867118926005,0.22441012833299692,0,0,1,0,0,-0.8057412374245417,0,2
3150000,-0.7843285512893223,0.047278311684073836,-0.5701867118926005,0.22441012833299692,1,0,1,0,0,-0.8057412374245417,0,1
3150000,0.7377069576353545,-1.308862733990682,-0.5701867118926005,-0.9293966635677897,1,0,0,0,0,-0.8057412374245417,0,1
3150000,1.7754584409930887,0.047278311684073836,-0.5701867118926005,0.22441012833299692,1,0,0,0,0,1.5176924895404067,0,1
3150000,-0.9600544691378986,-1.308862733990682,-0.5701867118926005,-0.9293966635677897,1,0,0,0,0,0.35597562605793237,0,2
3143000,-0.30004452572237966,0.047278311684073836,-0.5701867118926005,0.22441012833299692,1,0,0,0,1,-0.8057412374245417,0,2
3129000,0.15887224136248504,0.047278311684073836,-0.5701867118926005,-0.9293966635677897,1,0,1,0,0,-0.8057412374245417,0,2
3118850,-1.2695350226192497,0.047278311684073836,-0.5701867118926005,-0.9293966635677897,1,0,0,0,0,-0.8057412374245417,1,1
3115000,-0.9918788479608691,0.047278311684073836,-0.5701867118926005,-0.9293966635677897,0,0,0,0,1,-0.8057412374245417,0,2
3115000,-0.5998393986923918,0.047278311684073836,-0.5701867118926005,0.22441012833299692,1,0,0,0,0,-0.8057412374245417,0,2
3115000,-0.761267407214706,-1.308862733990682,-0.5701867118926005,-0.9293966635677897,1,0,0,0,0,-0.8057412374245417,0,2
3087000,1.3603578476499951,-1.308862733990682,-0.5701867118926005,-0.9293966635677897,1,0,0,0,0,0.35597562605793237,0,2
3080000,-0.08788200023590954,-1.308862733990682,-0.5701867118926005,-0.9293966635677897,1,0,1,0,1,-0.8057412374245417,0,2
3080000,-1.3793060684144232,0.047278311684073836,-0.5701867118926005,0.22441012833299692,0,0,1,0,0,-0.8057412374245417,0,1
3080000,-0.9503687886265597,-1.308862733990682,-0.5701867118926005,-0.9293966635677897,1,1,1,0,0,-0.8057412374245417,0,2
3080000,-0.30004452572237966,-1.308862733990682,-0.5701867118926005,0.22441012833299692,1,0,0,1,0,0.35597562605793237,0,1
3045000,-0.6229005427670081,-1.308862733990682,-0.5701867118926005,-0.9293966635677897,1,0,0,0,0,-0.8057412374245417,0,2
3010000,-0.9503687886265597,0.047278311684073836,-0.5701867118926005,0.22441012833299692,0,0,0,0,0,-0.8057412374245417,0,1
3010000,-0.8811853564027108,0.047278311684073836,-0.5701867118926005,0.22441012833299692,1,0,0,0,0,1.5176924895404067,0,1
3010000,-1.067980623407103,-1.308862733990682,-0.5701867118926005,-0.9293966635677897,1,0,0,0,0,-0.8057412374245417,0,1
3010000,-0.253922237573147,-1.308862733990682,-0.5701867118926005,-0.9293966635677897,1,0,0,0,0,-0.8057412374245417,0,0
3010000,-0.0343801459827997,0.047278311684073836,-0.5701867118926005,-0.9293966635677897,0,0,0,0,0,-0.8057412374245417,0,2
3010000,-0.6459616868416244,0.047278311684073836,-0.5701867118926005,0.22441012833299692,1,0,0,0,0,-0.8057412374245417,0,2
3010000,-0.7013084326207035,1.4034193573588298,-0.5701867118926005,0.22441012833299692,1,0,0,0,0,2.679409353022881,0,1
3003000,1.3372967035753787,-1.308862733990682,-0.5701867118926005,-0.9293966635677897,1,0,0,0,0,-0.8057412374245417,0,2
2975000,-0.368305512183244,1.4034193573588298,-0.5701867118926005,0.22441012833299692,0,0,0,0,0,0.35597562605793237,0,2
2961000,-0.9918788479608691,-1.308862733990682,-0.5701867118926005,0.22441012833299692,1,0,0,0,0,-0.8057412374245417,0,1
2940000,0.32260636429226086,0.047278311684073836,-0.5701867118926005,0.22441012833299692,1,0,1,0,0,0.35597562605793237,0,2
2940000,-0.08788200023590954,-1.308862733990682,-0.5701867118926005,-0.9293966635677897,1,0,0,0,0,-0.8057412374245417,0,2
2940000,-0.7151451190654733,0.047278311684073836,-0.5701867118926005,0.22441012833299692,0,0,0,0,0,0.35597562605793237,0,2
2940000,-0.6874717461759338,1.4034193573588298,-0.5701867118926005,0.22441012833299692,0,0,0,0,0,-0.8057412374245417,0,2
2940000,-0.7704918648445525,0.047278311684073836,-0.5701867118926005,0.22441012833299692,0,0,0,0,0,0.35597562605793237,0,1
2940000,-1.130245712408567,-1.308862733990682,-0.5701867118926005,-0.9293966635677897,0,0,0,0,0,-0.8057412374245417,0,0
2940000,-0.9226954157370202,0.047278311684073836,-0.5701867118926005,0.22441012833299692,0,0,0,0,0,-0.8057412374245417,0,2
2940000,0.6754418686338906,0.047278311684073836,-0.5701867118926005,0.22441012833299692,1,0,0,0,0,-0.8057412374245417,0,1
2870000,-0.9734299327011761,-1.308862733990682,-0.5701867118926005,-0.9293966635677897,0,0,0,0,0,-0.8057412374245417,0,2
2870000,-0.7013084326207035,-1.308862733990682,-0.5701867118926005,-0.9293966635677897,1,0,0,0,0,-0.8057412374245417,0,2
2870000,0.39178979651610985,-1.308862733990682,-0.5701867118926005,-0.9293966635677897,1,0,0,0,0,-0.8057412374245417,0,1
2870000,0.11505606762071403,1.4034193573588298,-0.5701867118926005,0.22441012833299692,1,0,0,0,0,-0.8057412374245417,0,2
2852500,0.02281149132224877,1.4034193573588298,-0.5701867118926005,1.3782169202337835,1,0,0,0,0,-0.8057412374245417,0,2
2835000,-0.8535119835131713,0.047278311684073836,-0.5701867118926005,0.22441012833299692,0,0,0,0,0,0.35597562605793237,0,1
2835000,-0.3692279579462286,0.047278311684073836,-0.5701867118926005,0.22441012833299692,0,0,0,1,0,0.35597562605793237,0,2
2835000,-1.1579190852981065,-1.308862733990682,-0.5701867118926005,-0.9293966635677897,0,0,0,0,0,0.35597562605793237,0,0
2800000,-1.1533068564831834,0.047278311684073836,-0.5701867118926005,0.22441012833299692,1,0,1,0,0,0.35597562605793237,0,2
2800000,-0.5491048817282359,0.047278311684073836,-0.5701867118926005,-0.9293966635677897,1,0,0,0,0,-0.8057412374245417,0,0
2730000,0.7607681017099709,-1.308862733990682,-0.5701867118926005,-0.9293966635677897,1,0,0,0,0,-0.8057412374245417,0,2
2730000,-0.5306559664685429,0.047278311684073836,-0.5701867118926005,0.22441012833299692,1,0,0,0,0,0.35597562605793237,0,2
2695000,-0.5306559664685429,-1.308862733990682,-0.5701867118926005,-0.9293966635677897,1,0,0,0,0,-0.8057412374245417,0,2
2660000,-0.5610966766470363,-1.308862733990682,-0.5701867118926005,-0.9293966635677897,1,0,0,0,0,-0.8057412374245417,0,2
2660000,-1.4531017294531954,-1.308862733990682,-0.5701867118926005,0.22441012833299692,1,0,0,0,0,-0.8057412374245417,0,1
2660000,-0.7013084326207035,0.047278311684073836,3.4138101853056977,0.22441012833299692,0,1,0,0,0,-0.8057412374245417,0,2
2660000,-1.0841234242593345,0.047278311684073836,-0.5701867118926005,-0.9293966635677897,1,0,0,0,0,-0.8057412374245417,0,2
2660000,-1.2547758904114952,0.047278311684073836,-0.5701867118926005,-0.9293966635677897,0,0,0,0,0,-0.8057412374245417,0,2
2660000,-0.7704918648445525,-1.308862733990682,-0.5701867118926005,-0.9293966635677897,1,0,0,0,0,0.35597562605793237,0,1
2660000,-0.5306559664685429,0.047278311684073836,-0.5701867118926005,-0.9293966635677897,1,0,0,0,0,-0.8057412374245417,0,1
2653000,-0.9065526148847888,-1.308862733990682,-0.5701867118926005,-0.9293966635677897,1,0,0,0,1,-0.8057412374245417,0,2
2653000,-0.5306559664685429,0.047278311684073836,-0.5701867118926005,0.22441012833299692,1,0,0,0,1,-0.8057412374245417,0,2
2604000,-1.0333889072951785,-1.308862733990682,-0.5701867118926005,-0.9293966635677897,0,0,0,0,0,-0.8057412374245417,0,2
2590000,-0.7151451190654733,-1.308862733990682,-0.5701867118926005,-0.9293966635677897,1,0,0,0,0,-0.8057412374245417,0,2
2590000,-0.3461668138716123,-1.308862733990682,-0.5701867118926005,-0.9293966635677897,1,0,0,0,0,-0.8057412374245417,0,2
2590000,-0.7151451190654733,-1.308862733990682,1.4218117367065486,0.22441012833299692,1,0,1,0,0,0.35597562605793237,0,0
2520000,-1.0472255937399484,0.047278311684073836,-0.5701867118926005,-0.9293966635677897,0,0,0,0,0,-0.8057412374245417,0,2
2520000,-0.9088587292922504,0.047278311684073836,-0.5701867118926005,-0.9293966635677897,0,0,0,0,0,-0.8057412374245417,0,2
2520000,-0.9918788479608691,-1.308862733990682,-0.5701867118926005,0.22441012833299692,1,0,0,0,0,-0.8057412374245417,0,0
2485000,-0.3461668138716123,0.047278311684073836,-0.5701867118926005,0.22441012833299692,1,0,0,0,0,-0.8057412374245417,0,2
2485000,-0.9918788479608691,0.047278311684073836,-0.5701867118926005,0.22441012833299692,0,0,0,0,0,-0.8057412374245417,0,1
2450000,-0.8950220428474807,0.047278311684073836,-0.5701867118926005,0.22441012833299692,1,0,1,0,0,-0.8057412374245417,0,2
2450000,-0.8811853564027108,-1.308862733990682,-0.5701867118926005,-0.9293966635677897,0,1,0,0,0,0.35597562605793237,0,2
2450000,-0.9918788479608691,-1.308862733990682,-0.5701867118926005,-0.9293966635677897,1,0,0,0,0,0.35597562605793237,0,2
2450000,-0.761267407214706,-1.308862733990682,-0.5701867118926005,-0.9293966635677897,1,1,0,0,0,-0.8057412374245417,0,2
2450000,-0.1432287460149887,-1.308862733990682,-0.5701867118926005,0.22441012833299692,1,0,0,0,0,-0.8057412374245417,0,2
2450000,1.1758686950530646,-1.308862733990682,-0.5701867118926005,-0.9293966635677897,1,0,0,0,0,-0.8057412374245417,0,2
2408000,-0.6990023182132419,-1.308862733990682,-0.5701867118926005,-0.9293966635677897,0,0,0,0,0,-0.8057412374245417,0,2
2380000,-1.2340208607443404,0.047278311684073836,-0.5701867118926005,0.22441012833299692,1,0,0,0,0,-0.8057412374245417,0,0
2380000,-1.0901193217187346,1.4034193573588298,1.4218117367065486,0.22441012833299692,1,0,0,0,0,-0.8057412374245417,0,0
2380000,-0.870116007246895,-1.308862733990682,-0.5701867118926005,-0.9293966635677897,1,0,0,0,0,-0.8057412374245417,0,2
2345000,-0.6966962038057802,-1.308862733990682,-0.5701867118926005,-0.9293966635677897,1,0,0,0,0,-0.8057412374245417,0,2
2310000,-0.9088587292922504,-1.308862733990682,-0.5701867118926005,-0.9293966635677897,1,0,0,0,0,-0.8057412374245417,0,2
2275000,-1.528742282017937,-1.308862733990682,-0.5701867118926005,-0.9293966635677897,0,0,1,0,0,-0.8057412374245417,0,1
2275000,-0.5444926529133126,-2.665003779665438,-0.5701867118926005,-0.9293966635677897,0,0,0,0,0,-0.8057412374245417,0,2
2275000,-0.5444926529133126,0.047278311684073836,-0.5701867118926005,0.22441012833299692,1,0,1,0,0,-0.8057412374245417,0,2
2240000,-1.4761628735278118,0.047278311684073836,-0.5701867118926005,-0.9293966635677897,0,0,0,1,0,-0.8057412374245417,0,2
2233000,0.0689337794714814,0.047278311684073836,-0.5701867118926005,-0.9293966635677897,0,0,0,0,1,-0.8057412374245417,1,2
2135000,-0.9918788479608691,-1.308862733990682,-0.5701867118926005,-0.9293966635677897,0,0,0,0,0,-0.8057412374245417,0,2
2100000,-1.2686125768562648,0.047278311684073836,-0.5701867118926005,0.22441012833299692,1,0,0,0,0,-0.8057412374245417,0,2
2100000,-0.9918788479608691,1.4034193573588298,-0.5701867118926005,0.22441012833299692,1,0,0,0,0,-0.8057412374245417,0,2
2100000,-0.8258386106236316,-1.308862733990682,-0.5701867118926005,-0.9293966635677897,1,0,0,0,0,0.35597562605793237,0,2
1960000,-0.7981652377340921,2.7595604030335856,-0.5701867118926005,0.22441012833299692,0,0,0,0,0,-0.8057412374245417,0,2
1890000,-1.5914685939008932,0.047278311684073836,-0.5701867118926005,0.22441012833299692,1,0,0,0,0,-0.8057412374245417,0,2
1890000,-0.6925451978723494,-1.308862733990682,-0.5701867118926005,-0.9293966635677897,1,0,0,0,0,-0.8057412374245417,0,2
1855000,-0.9964910767757924,-1.308862733990682,-0.5701867118926005,-0.9293966635677897,0,0,0,0,0,0.35597562605793237,0,2
1820000,-0.9918788479608691,-1.308862733990682,-0.5701867118926005,-0.9293966635677897,1,0,1,0,0,1.5176924895404067,0,2
1767150,-1.2686125768562648,0.047278311684073836,-0.5701867118926005,-0.9293966635677897,0,0,0,0,0,-0.8057412374245417,0,1
1750000,-0.7059206614356268,-1.308862733990682,-0.5701867118926005,-0.9293966635677897,1,0,0,0,0,-0.8057412374245417,0,2
1750000,-1.0333889072951785,0.047278311684073836,-0.5701867118926005,-0.9293966635677897,0,0,0,0,0,-0.8057412374245417,0,0
1750000,-0.5998393986923918,0.047278311684073836,-0.5701867118926005,0.22441012833299692,1,0,0,0,0,-0.8057412374245417,0,2
